Participant,Question,Selected Option,Correct Option,Correct,"W(A, Q)","W(B, Q)","|W(A, Q) - W(B, Q)|"
person1,Q1,A,B,False,8.0,2.279,5.721
person1,Q2,B,A,False,0.111,8.0,7.889
person1,Q3,A,B,False,6.0,0.2,5.8
person1,Q4,B,B,True,6.0,0.422,5.578
person1,Q5,B,A,False,2.625,4.0,1.375
person1,Q6,B,B,True,2.663,0.147,2.516
person1,Q7,A,B,False,4.064,2.045,2.019
person1,Q8,A,B,False,2.327,0.459,1.8679999999999999
person1,Q9,B,B,True,2.91,0.64,2.27
person1,Q10,A,A,True,0.422,0.893,0.47100000000000003
person1,Q11,B,B,True,0.935,0.453,0.48200000000000004
person1,Q12,A,B,False,0.458,0.045,0.41300000000000003
person1,Q13,B,A,False,0.309,1.193,0.8840000000000001
person1,Q14,A,A,True,2.006,2.467,0.4610000000000003
person1,Q15,B,B,True,2.54,1.063,1.477
person1,Q16,B,A,False,0.375,0.507,0.132
person1,Q17,A,B,False,0.53,0.458,0.07200000000000001
person1,Q18,B,B,True,2.83,1.921,0.909
person1,Q19,A,A,True,1.921,2.0,0.07899999999999996
person1,Q20,B,B,True,2.527,2.167,0.3600000000000003
person2,Q1,B,B,True,8.0,2.279,5.721
person2,Q2,B,A,False,0.111,8.0,7.889
person2,Q3,B,B,True,6.0,0.2,5.8
person2,Q4,B,B,True,6.0,0.422,5.578
person2,Q5,B,A,False,2.625,4.0,1.375
person2,Q6,B,B,True,2.663,0.147,2.516
person2,Q7,B,B,True,4.064,2.045,2.019
person2,Q8,B,B,True,2.327,0.459,1.8679999999999999
person2,Q9,B,B,True,2.91,0.64,2.27
person2,Q10,B,A,False,0.422,0.893,0.47100000000000003
person2,Q11,A,B,False,0.935,0.453,0.48200000000000004
person2,Q12,A,B,False,0.458,0.045,0.41300000000000003
person2,Q13,A,A,True,0.309,1.193,0.8840000000000001
person2,Q14,A,A,True,2.006,2.467,0.4610000000000003
person2,Q15,A,B,False,2.54,1.063,1.477
person2,Q16,A,A,True,0.375,0.507,0.132
person2,Q17,A,B,False,0.53,0.458,0.07200000000000001
person2,Q18,A,B,False,2.83,1.921,0.909
person2,Q19,A,A,True,1.921,2.0,0.07899999999999996
person2,Q20,A,B,False,2.527,2.167,0.3600000000000003
person3,Q1,A,B,False,8.0,2.279,5.721
person3,Q2,A,A,True,0.111,8.0,7.889
person3,Q3,A,B,False,6.0,0.2,5.8
person3,Q4,A,B,False,6.0,0.422,5.578
person3,Q5,A,A,True,2.625,4.0,1.375
person3,Q6,A,B,False,2.663,0.147,2.516
person3,Q7,A,B,False,4.064,2.045,2.019
person3,Q8,A,B,False,2.327,0.459,1.8679999999999999
person3,Q9,A,B,False,2.91,0.64,2.27
person3,Q10,A,A,True,0.422,0.893,0.47100000000000003
person3,Q11,A,B,False,0.935,0.453,0.48200000000000004
person3,Q12,A,B,False,0.458,0.045,0.41300000000000003
person3,Q13,A,A,True,0.309,1.193,0.8840000000000001
person3,Q14,A,A,True,2.006,2.467,0.4610000000000003
person3,Q15,A,B,False,2.54,1.063,1.477
person3,Q16,B,A,False,0.375,0.507,0.132
person3,Q17,B,B,True,0.53,0.458,0.07200000000000001
person3,Q18,B,B,True,2.83,1.921,0.909
person3,Q19,B,A,False,1.921,2.0,0.07899999999999996
person3,Q20,B,B,True,2.527,2.167,0.3600000000000003
person4,Q1,B,B,True,8.0,2.279,5.721
person4,Q2,A,A,True,0.111,8.0,7.889
person4,Q3,B,B,True,6.0,0.2,5.8
person4,Q4,B,B,True,6.0,0.422,5.578
person4,Q5,B,A,False,2.625,4.0,1.375
person4,Q6,B,B,True,2.663,0.147,2.516
person4,Q7,B,B,True,4.064,2.045,2.019
person4,Q8,B,B,True,2.327,0.459,1.8679999999999999
person4,Q9,B,B,True,2.91,0.64,2.27
person4,Q10,A,A,True,0.422,0.893,0.47100000000000003
person4,Q11,B,B,True,0.935,0.453,0.48200000000000004
person4,Q12,B,B,True,0.458,0.045,0.41300000000000003
person4,Q13,A,A,True,0.309,1.193,0.8840000000000001
person4,Q14,A,A,True,2.006,2.467,0.4610000000000003
person4,Q15,B,B,True,2.54,1.063,1.477
person4,Q16,A,A,True,0.375,0.507,0.132
person4,Q17,B,B,True,0.53,0.458,0.07200000000000001
person4,Q18,B,B,True,2.83,1.921,0.909
person4,Q19,A,A,True,1.921,2.0,0.07899999999999996
person4,Q20,B,B,True,2.527,2.167,0.3600000000000003
