Question,Correct Option,"W(A, Q)","W(B, Q)","Distance Gap |W(A,Q) - W(B,Q)|",Correct Participants,Participants,Accuracy (%),Selected A,Selected B,Majority Choice
Q1,B,8.0,2.279,5.721,2,4,50.0,2,2,Tie
Q2,A,0.111,8.0,7.889,2,4,50.0,2,2,Tie
Q3,B,6.0,0.2,5.8,2,4,50.0,2,2,Tie
Q4,B,6.0,0.422,5.578,3,4,75.0,1,3,B
Q5,A,2.625,4.0,1.375,1,4,25.0,1,3,B
Q6,B,2.663,0.147,2.516,3,4,75.0,1,3,B
Q7,B,4.064,2.045,2.019,2,4,50.0,2,2,Tie
Q8,B,2.327,0.459,1.868,2,4,50.0,2,2,Tie
Q9,B,2.91,0.64,2.27,3,4,75.0,1,3,B
Q10,A,0.422,0.893,0.471,3,4,75.0,3,1,A
Q11,B,0.935,0.453,0.482,2,4,50.0,2,2,Tie
Q12,B,0.458,0.045,0.413,1,4,25.0,3,1,A
Q13,A,0.309,1.193,0.884,3,4,75.0,3,1,A
Q14,A,2.006,2.467,0.461,4,4,100.0,4,0,A
Q15,B,2.54,1.063,1.477,2,4,50.0,2,2,Tie
Q16,A,0.375,0.507,0.132,2,4,50.0,2,2,Tie
Q17,B,0.53,0.458,0.072,2,4,50.0,2,2,Tie
Q18,B,2.83,1.921,0.909,3,4,75.0,1,3,B
Q19,A,1.921,2.0,0.079,3,4,75.0,3,1,A
Q20,B,2.527,2.167,0.36,3,4,75.0,1,3,B
